[{"model": "foodcartapp.restaurant", "pk": 1, "fields": {"name": "Star Burger Арбат", "address": "Москва, ул. Новый Арбат, 15", "contact_phone": "+7 (967) 157-44-13"}}, {"model": "foodcartapp.restaurant", "pk": 2, "fields": {"name": "Star Burger Цветной", "address": "Москва, Цветной бульвар, 11с2", "contact_phone": "+7 (929) 949-55-36"}}, {"model": "foodcartapp.restaurant", "pk": 3, "fields": {"name": "Star Burger Европейский", "address": "Москва, пл. Киевского Вокзала, 2", "contact_phone": "+7 (929) 680-47-58"}}, {"model": "foodcartapp.productcategory", "pk": 1, "fields": {"name": "Бургер"}}, {"model": "foodcartapp.productcategory", "pk": 2, "fields": {"name": "Ролл"}}, {"model": "foodcartapp.product", "pk": 1, "fields": {"name": "Стейкхаус", "category": 1, "price": "269.00", "image": "steak_oDygOiK.jpg", "special_status": false, "description": "Стейкхаус – это сочетание нашей фирменной, приготовленной на огне 100% говядины с ломтиками бекона и соусом «Барбекю», майонезом, листьями свежего салата, помидором и хрустящим луком на воздушной було"}}, {"model": "foodcartapp.product", "pk": 2, "fields": {"name": "Лонг Чизбургер", "category": 1, "price": "219.00", "image": "long_chiz_8sk2oYe.jpg", "special_status": false, "description": "Лонг Чизбургер – эталон в коллекции чизбургеров! Два приготовленных на огне бифштекса с двумя ломтиками слегка расплавленного сыра, хрустящими огурчиками, рубленым луком, горчицей и кетчупом на длинно"}}, {"model": "foodcartapp.product", "pk": 3, "fields": {"name": "Тройной Воппер", "category": 1, "price": "369.00", "image": "triple_vopper_Ch5c4lH.jpg", "special_status": false, "description": "ВОППЕР® — это вкуснейшая приготовленная на огне 100% говядина с сочными помидорами, свежим нарезанным листовым салатом, густым майонезом, хрустящими маринованными огурчиками и свежим луком на нежной б"}}, {"model": "foodcartapp.product", "pk": 4, "fields": {"name": "Беконайзер", "category": 1, "price": "319.00", "image": "beconizer_8EXpJfE.jpg", "special_status": false, "description": "Встречай самый внушительный бургер в коллекции Бургер Кинг. Много мяса, много бекона и много сыра - все, как ты любишь, и ничего лишнего!"}}, {"model": "foodcartapp.product", "pk": 5, "fields": {"name": "Фиш Ролл", "category": 2, "price": "199.00", "image": "fish_roll_nQDO0pq.jpg", "special_status": false, "description": "Наш новый ролл с аппетитной котлеткой из филе белой рыбы, с фирменным соусом, маринованными огурчиками и хрустящим салатом. Легкое рыбное удовольствие!"}}, {"model": "foodcartapp.product", "pk": 6, "fields": {"name": "Шримп Ролл", "category": 2, "price": "209.00", "image": "shrimp_roll_JlZmtk0.jpg", "special_status": false, "description": "Легкий ролл с нежными королевскими креветками в хрустящей панировке, свежий салат Айсберг и ломтик сыра в пшеничной лепешке под фирменным соусом «Кинг». Внимание! Блюдо содержит аллергены – морепродук"}}, {"model": "foodcartapp.restaurantmenuitem", "pk": 1, "fields": {"restaurant": 1, "product": 1, "availability": true}}, {"model": "foodcartapp.restaurantmenuitem", "pk": 2, "fields": {"restaurant": 1, "product": 3, "availability": true}}, {"model": "foodcartapp.restaurantmenuitem", "pk": 3, "fields": {"restaurant": 1, "product": 6, "availability": true}}, {"model": "foodcartapp.restaurantmenuitem", "pk": 4, "fields": {"restaurant": 2, "product": 3, "availability": true}}, {"model": "foodcartapp.restaurantmenuitem", "pk": 5, "fields": {"restaurant": 2, "product": 6, "availability": true}}, {"model": "foodcartapp.restaurantmenuitem", "pk": 6, "fields": {"restaurant": 2, "product": 1, "availability": true}}, {"model": "foodcartapp.restaurantmenuitem", "pk": 7, "fields": {"restaurant": 3, "product": 3, "availability": true}}, {"model": "foodcartapp.restaurantmenuitem", "pk": 8, "fields": {"restaurant": 3, "product": 1, "availability": true}}, {"model": "foodcartapp.restaurantmenuitem", "pk": 9, "fields": {"restaurant": 3, "product": 2, "availability": true}}, {"model": "foodcartapp.order", "pk": 1, "fields": {"firstname": "Аркадий", "lastname": "Иванов", "phonenumber": "+79591180619", "address": "Москва, ул. Новый Арбат, 39", "status": "З", "comment": "", "registered_at": "2023-08-03T10:55:39.680Z", "called_at": "2023-08-03T10:55:39.657Z", "delivered_at": "2023-08-03T10:55:39.675Z", "payment_method": null, "restaurant": null}}, {"model": "foodcartapp.order", "pk": 2, "fields": {"firstname": "Сергей", "lastname": "Сергеев", "phonenumber": "+79591180619", "address": "Москва, Цветной бульвар, 11с2", "status": "Г", "comment": "", "registered_at": "2023-08-03T10:55:39Z", "called_at": "2023-08-03T10:55:39Z", "delivered_at": "2023-08-03T10:55:39Z", "payment_method": "Э", "restaurant": 3}}, {"model": "foodcartapp.order", "pk": 3, "fields": {"firstname": "Аркадий", "lastname": "Иванов", "phonenumber": "+79591180619", "address": "Москва, ул. Новый Арбат, 15", "status": "Н", "comment": "", "registered_at": "2023-08-03T10:55:39.680Z", "called_at": "2023-08-03T10:55:39.657Z", "delivered_at": "2023-08-03T10:55:39.675Z", "payment_method": null, "restaurant": null}}, {"model": "foodcartapp.order", "pk": 10, "fields": {"firstname": "Сергей", "lastname": "Иванов", "phonenumber": "+79591180619", "address": "Москва, пл. Киевского Вокзала, 2", "status": "Н", "comment": "", "registered_at": "2023-08-03T10:55:39.680Z", "called_at": "2023-08-03T10:55:39.657Z", "delivered_at": "2023-08-03T10:55:39.675Z", "payment_method": null, "restaurant": null}}, {"model": "foodcartapp.order", "pk": 11, "fields": {"firstname": "Василий", "lastname": "Васильевич", "phonenumber": "+79123456789", "address": "Лондон", "status": "Н", "comment": "", "registered_at": "2023-08-03T10:55:39.680Z", "called_at": "2023-08-03T10:55:39.657Z", "delivered_at": "2023-08-03T10:55:39.675Z", "payment_method": null, "restaurant": null}}, {"model": "foodcartapp.order", "pk": 19, "fields": {"firstname": "Аркадий", "lastname": "Иванов", "phonenumber": "+79591180619", "address": "Москва, ул. Новый Арбат, 15", "status": "Н", "comment": "", "registered_at": "2023-08-03T10:55:39.680Z", "called_at": "2023-08-03T10:55:39.657Z", "delivered_at": "2023-08-03T10:55:39.675Z", "payment_method": null, "restaurant": null}}, {"model": "foodcartapp.order", "pk": 20, "fields": {"firstname": "Василий", "lastname": "Васильевич", "phonenumber": "+79123456789", "address": "Лондон", "status": "Н", "comment": "", "registered_at": "2023-08-22T17:55:01Z", "called_at": null, "delivered_at": null, "payment_method": "Э", "restaurant": null}}, {"model": "foodcartapp.order", "pk": 21, "fields": {"firstname": "Василий", "lastname": "Васильевич", "phonenumber": "+79123456789", "address": "Лондон", "status": "Н", "comment": "", "registered_at": "2023-08-22T18:00:42.482Z", "called_at": null, "delivered_at": null, "payment_method": null, "restaurant": null}}, {"model": "foodcartapp.order", "pk": 22, "fields": {"firstname": "Василий", "lastname": "Васильевич", "phonenumber": "+79123456789", "address": "Лондон", "status": "Н", "comment": "", "registered_at": "2023-08-22T18:06:11.561Z", "called_at": null, "delivered_at": null, "payment_method": null, "restaurant": null}}, {"model": "foodcartapp.order", "pk": 23, "fields": {"firstname": "Василий", "lastname": "Васильевич", "phonenumber": "+79123456789", "address": "Стамбул", "status": "Н", "comment": "", "registered_at": "2023-08-22T18:14:27.237Z", "called_at": null, "delivered_at": null, "payment_method": null, "restaurant": null}}, {"model": "foodcartapp.orderitem", "pk": 1, "fields": {"order": 1, "product": 1, "quantity": 2, "price": "269.00"}}, {"model": "foodcartapp.orderitem", "pk": 2, "fields": {"order": 1, "product": 6, "quantity": 1, "price": "209.00"}}, {"model": "foodcartapp.orderitem", "pk": 3, "fields": {"order": 2, "product": 2, "quantity": 2, "price": "219.00"}}, {"model": "foodcartapp.orderitem", "pk": 4, "fields": {"order": 2, "product": 1, "quantity": 2, "price": "269.00"}}, {"model": "foodcartapp.orderitem", "pk": 5, "fields": {"order": 3, "product": 1, "quantity": 2, "price": "269.00"}}, {"model": "foodcartapp.orderitem", "pk": 6, "fields": {"order": 3, "product": 6, "quantity": 1, "price": "209.00"}}, {"model": "foodcartapp.orderitem", "pk": 12, "fields": {"order": 10, "product": 1, "quantity": 2, "price": "269.00"}}, {"model": "foodcartapp.orderitem", "pk": 13, "fields": {"order": 10, "product": 2, "quantity": 2, "price": "219.00"}}, {"model": "foodcartapp.orderitem", "pk": 14, "fields": {"order": 10, "product": 3, "quantity": 1, "price": "369.00"}}, {"model": "foodcartapp.orderitem", "pk": 15, "fields": {"order": 11, "product": 1, "quantity": 1, "price": "269.00"}}, {"model": "foodcartapp.orderitem", "pk": 16, "fields": {"order": 19, "product": 1, "quantity": 2, "price": "269.00"}}, {"model": "foodcartapp.orderitem", "pk": 17, "fields": {"order": 20, "product": 1, "quantity": 1, "price": "269.00"}}, {"model": "foodcartapp.orderitem", "pk": 18, "fields": {"order": 21, "product": 1, "quantity": 1, "price": "269.00"}}, {"model": "foodcartapp.orderitem", "pk": 19, "fields": {"order": 22, "product": 1, "quantity": 1, "price": "269.00"}}, {"model": "foodcartapp.orderitem", "pk": 20, "fields": {"order": 23, "product": 1, "quantity": 1, "price": "269.00"}}, {"model": "admin.logentry", "pk": 1, "fields": {"action_time": "2023-07-20T16:23:08.395Z", "user": 1, "content_type": 4, "object_id": "1", "object_repr": "Бургер", "action_flag": 1, "change_message": "[{\"added\": {}}]"}}, {"model": "admin.logentry", "pk": 2, "fields": {"action_time": "2023-07-20T16:28:24.575Z", "user": 1, "content_type": 1, "object_id": "1", "object_repr": "Стейкхаус", "action_flag": 1, "change_message": "[{\"added\": {}}]"}}, {"model": "admin.logentry", "pk": 3, "fields": {"action_time": "2023-07-20T16:29:54.551Z", "user": 1, "content_type": 1, "object_id": "2", "object_repr": "Лонг Чизбургер", "action_flag": 1, "change_message": "[{\"added\": {}}]"}}, {"model": "admin.logentry", "pk": 4, "fields": {"action_time": "2023-07-20T16:31:06.964Z", "user": 1, "content_type": 1, "object_id": "3", "object_repr": "Тройной Воппер", "action_flag": 1, "change_message": "[{\"added\": {}}]"}}, {"model": "admin.logentry", "pk": 5, "fields": {"action_time": "2023-07-20T16:32:00.054Z", "user": 1, "content_type": 1, "object_id": "4", "object_repr": "Беконайзер", "action_flag": 1, "change_message": "[{\"added\": {}}]"}}, {"model": "admin.logentry", "pk": 6, "fields": {"action_time": "2023-07-20T16:33:00.335Z", "user": 1, "content_type": 1, "object_id": "5", "object_repr": "Фиш Ролл", "action_flag": 1, "change_message": "[{\"added\": {}}]"}}, {"model": "admin.logentry", "pk": 7, "fields": {"action_time": "2023-07-20T16:34:06.335Z", "user": 1, "content_type": 1, "object_id": "6", "object_repr": "Шримп Ролл", "action_flag": 1, "change_message": "[{\"added\": {}}]"}}, {"model": "admin.logentry", "pk": 8, "fields": {"action_time": "2023-07-20T16:34:20.102Z", "user": 1, "content_type": 4, "object_id": "2", "object_repr": "роллы", "action_flag": 1, "change_message": "[{\"added\": {}}]"}}, {"model": "admin.logentry", "pk": 9, "fields": {"action_time": "2023-07-20T16:34:40.173Z", "user": 1, "content_type": 4, "object_id": "2", "object_repr": "Ролл", "action_flag": 2, "change_message": "[{\"changed\": {\"fields\": [\"\\u041d\\u0430\\u0437\\u0432\\u0430\\u043d\\u0438\\u0435\"]}}]"}}, {"model": "admin.logentry", "pk": 10, "fields": {"action_time": "2023-07-20T16:34:52.396Z", "user": 1, "content_type": 1, "object_id": "6", "object_repr": "Шримп Ролл", "action_flag": 2, "change_message": "[{\"changed\": {\"fields\": [\"\\u041a\\u0430\\u0442\\u0435\\u0433\\u043e\\u0440\\u0438\\u044f\"]}}]"}}, {"model": "admin.logentry", "pk": 11, "fields": {"action_time": "2023-07-20T16:35:00.779Z", "user": 1, "content_type": 1, "object_id": "5", "object_repr": "Фиш Ролл", "action_flag": 2, "change_message": "[{\"changed\": {\"fields\": [\"\\u041a\\u0430\\u0442\\u0435\\u0433\\u043e\\u0440\\u0438\\u044f\"]}}]"}}, {"model": "admin.logentry", "pk": 12, "fields": {"action_time": "2023-07-20T16:36:15.694Z", "user": 1, "content_type": 2, "object_id": "1", "object_repr": "Star Burger Арбат", "action_flag": 1, "change_message": "[{\"added\": {}}, {\"added\": {\"name\": \"\\u043f\\u0443\\u043d\\u043a\\u0442 \\u043c\\u0435\\u043d\\u044e \\u0440\\u0435\\u0441\\u0442\\u043e\\u0440\\u0430\\u043d\\u0430\", \"object\": \"Star Burger \\u0410\\u0440\\u0431\\u0430\\u0442 - \\u0421\\u0442\\u0435\\u0439\\u043a\\u0445\\u0430\\u0443\\u0441\"}}, {\"added\": {\"name\": \"\\u043f\\u0443\\u043d\\u043a\\u0442 \\u043c\\u0435\\u043d\\u044e \\u0440\\u0435\\u0441\\u0442\\u043e\\u0440\\u0430\\u043d\\u0430\", \"object\": \"Star Burger \\u0410\\u0440\\u0431\\u0430\\u0442 - \\u0422\\u0440\\u043e\\u0439\\u043d\\u043e\\u0439 \\u0412\\u043e\\u043f\\u043f\\u0435\\u0440\"}}, {\"added\": {\"name\": \"\\u043f\\u0443\\u043d\\u043a\\u0442 \\u043c\\u0435\\u043d\\u044e \\u0440\\u0435\\u0441\\u0442\\u043e\\u0440\\u0430\\u043d\\u0430\", \"object\": \"Star Burger \\u0410\\u0440\\u0431\\u0430\\u0442 - \\u0428\\u0440\\u0438\\u043c\\u043f \\u0420\\u043e\\u043b\\u043b\"}}]"}}, {"model": "admin.logentry", "pk": 13, "fields": {"action_time": "2023-07-20T16:37:08.449Z", "user": 1, "content_type": 2, "object_id": "2", "object_repr": "Star Burger Цветной", "action_flag": 1, "change_message": "[{\"added\": {}}, {\"added\": {\"name\": \"\\u043f\\u0443\\u043d\\u043a\\u0442 \\u043c\\u0435\\u043d\\u044e \\u0440\\u0435\\u0441\\u0442\\u043e\\u0440\\u0430\\u043d\\u0430\", \"object\": \"Star Burger \\u0426\\u0432\\u0435\\u0442\\u043d\\u043e\\u0439 - \\u0422\\u0440\\u043e\\u0439\\u043d\\u043e\\u0439 \\u0412\\u043e\\u043f\\u043f\\u0435\\u0440\"}}, {\"added\": {\"name\": \"\\u043f\\u0443\\u043d\\u043a\\u0442 \\u043c\\u0435\\u043d\\u044e \\u0440\\u0435\\u0441\\u0442\\u043e\\u0440\\u0430\\u043d\\u0430\", \"object\": \"Star Burger \\u0426\\u0432\\u0435\\u0442\\u043d\\u043e\\u0439 - \\u0428\\u0440\\u0438\\u043c\\u043f \\u0420\\u043e\\u043b\\u043b\"}}, {\"added\": {\"name\": \"\\u043f\\u0443\\u043d\\u043a\\u0442 \\u043c\\u0435\\u043d\\u044e \\u0440\\u0435\\u0441\\u0442\\u043e\\u0440\\u0430\\u043d\\u0430\", \"object\": \"Star Burger \\u0426\\u0432\\u0435\\u0442\\u043d\\u043e\\u0439 - \\u0421\\u0442\\u0435\\u0439\\u043a\\u0445\\u0430\\u0443\\u0441\"}}]"}}, {"model": "admin.logentry", "pk": 14, "fields": {"action_time": "2023-07-20T16:38:01.264Z", "user": 1, "content_type": 2, "object_id": "3", "object_repr": "Star Burger Европейский", "action_flag": 1, "change_message": "[{\"added\": {}}, {\"added\": {\"name\": \"\\u043f\\u0443\\u043d\\u043a\\u0442 \\u043c\\u0435\\u043d\\u044e \\u0440\\u0435\\u0441\\u0442\\u043e\\u0440\\u0430\\u043d\\u0430\", \"object\": \"Star Burger \\u0415\\u0432\\u0440\\u043e\\u043f\\u0435\\u0439\\u0441\\u043a\\u0438\\u0439 - \\u0422\\u0440\\u043e\\u0439\\u043d\\u043e\\u0439 \\u0412\\u043e\\u043f\\u043f\\u0435\\u0440\"}}, {\"added\": {\"name\": \"\\u043f\\u0443\\u043d\\u043a\\u0442 \\u043c\\u0435\\u043d\\u044e \\u0440\\u0435\\u0441\\u0442\\u043e\\u0440\\u0430\\u043d\\u0430\", \"object\": \"Star Burger \\u0415\\u0432\\u0440\\u043e\\u043f\\u0435\\u0439\\u0441\\u043a\\u0438\\u0439 - \\u0421\\u0442\\u0435\\u0439\\u043a\\u0445\\u0430\\u0443\\u0441\"}}, {\"added\": {\"name\": \"\\u043f\\u0443\\u043d\\u043a\\u0442 \\u043c\\u0435\\u043d\\u044e \\u0440\\u0435\\u0441\\u0442\\u043e\\u0440\\u0430\\u043d\\u0430\", \"object\": \"Star Burger \\u0415\\u0432\\u0440\\u043e\\u043f\\u0435\\u0439\\u0441\\u043a\\u0438\\u0439 - \\u041b\\u043e\\u043d\\u0433 \\u0427\\u0438\\u0437\\u0431\\u0443\\u0440\\u0433\\u0435\\u0440\"}}]"}}, {"model": "admin.logentry", "pk": 15, "fields": {"action_time": "2023-07-22T19:03:23.067Z", "user": 1, "content_type": 12, "object_id": "9", "object_repr": "Иванов Тимур, Москва, Новый Арбат 10", "action_flag": 3, "change_message": ""}}, {"model": "admin.logentry", "pk": 16, "fields": {"action_time": "2023-07-22T19:03:23.078Z", "user": 1, "content_type": 12, "object_id": "8", "object_repr": "Иванов Тимур, Москва, Новый Арбат 10", "action_flag": 3, "change_message": ""}}, {"model": "admin.logentry", "pk": 17, "fields": {"action_time": "2023-07-22T19:03:23.088Z", "user": 1, "content_type": 12, "object_id": "7", "object_repr": "Иванов Тимур, Москва, Новый Арбат 10", "action_flag": 3, "change_message": ""}}, {"model": "admin.logentry", "pk": 18, "fields": {"action_time": "2023-07-22T19:03:23.098Z", "user": 1, "content_type": 12, "object_id": "6", "object_repr": "Иванов Тимур, Москва, Новый Арбат 10", "action_flag": 3, "change_message": ""}}, {"model": "admin.logentry", "pk": 19, "fields": {"action_time": "2023-07-22T19:03:23.108Z", "user": 1, "content_type": 12, "object_id": "5", "object_repr": "Иванов Тимур, Москва, Новый Арбат 10", "action_flag": 3, "change_message": ""}}, {"model": "admin.logentry", "pk": 20, "fields": {"action_time": "2023-07-22T19:03:23.117Z", "user": 1, "content_type": 12, "object_id": "4", "object_repr": "Петров Иван, Москва", "action_flag": 3, "change_message": ""}}, {"model": "admin.logentry", "pk": 21, "fields": {"action_time": "2023-07-23T07:54:26.834Z", "user": 1, "content_type": 12, "object_id": "18", "object_repr": "Васильевич Василий, Лондон", "action_flag": 3, "change_message": ""}}, {"model": "admin.logentry", "pk": 22, "fields": {"action_time": "2023-07-23T07:54:26.852Z", "user": 1, "content_type": 12, "object_id": "17", "object_repr": "Васильевич Василий, Лондон", "action_flag": 3, "change_message": ""}}, {"model": "admin.logentry", "pk": 23, "fields": {"action_time": "2023-07-23T07:54:26.867Z", "user": 1, "content_type": 12, "object_id": "16", "object_repr": "Васильевич Василий, Лондон", "action_flag": 3, "change_message": ""}}, {"model": "admin.logentry", "pk": 24, "fields": {"action_time": "2023-07-23T07:54:26.880Z", "user": 1, "content_type": 12, "object_id": "15", "object_repr": "Васильевич Василий, Лондон", "action_flag": 3, "change_message": ""}}, {"model": "admin.logentry", "pk": 25, "fields": {"action_time": "2023-07-23T07:54:26.895Z", "user": 1, "content_type": 12, "object_id": "14", "object_repr": "Васильевич Василий, Лондон", "action_flag": 3, "change_message": ""}}, {"model": "admin.logentry", "pk": 26, "fields": {"action_time": "2023-07-23T07:54:26.910Z", "user": 1, "content_type": 12, "object_id": "13", "object_repr": "Васильевич Василий, Лондон", "action_flag": 3, "change_message": ""}}, {"model": "admin.logentry", "pk": 27, "fields": {"action_time": "2023-07-23T07:54:26.925Z", "user": 1, "content_type": 12, "object_id": "12", "object_repr": "Васильевич Василий, Лондон", "action_flag": 3, "change_message": ""}}, {"model": "admin.logentry", "pk": 28, "fields": {"action_time": "2023-08-02T18:00:44.772Z", "user": 1, "content_type": 12, "object_id": "1", "object_repr": "Иванов Аркадий, Москва, ул. Новый Арбат, 15", "action_flag": 2, "change_message": "[]"}}, {"model": "admin.logentry", "pk": 29, "fields": {"action_time": "2023-08-02T18:01:38.069Z", "user": 1, "content_type": 12, "object_id": "1", "object_repr": "Иванов Аркадий, Москва, ул. Новый Арбат, 25", "action_flag": 2, "change_message": "[{\"changed\": {\"fields\": [\"\\u0410\\u0434\\u0440\\u0435\\u0441 \\u0434\\u043e\\u0441\\u0442\\u0430\\u0432\\u043a\\u0438\"]}}]"}}, {"model": "admin.logentry", "pk": 30, "fields": {"action_time": "2023-08-02T18:02:46.931Z", "user": 1, "content_type": 12, "object_id": "1", "object_repr": "Иванов Аркадий, Москва, ул. Новый Арбат, 25", "action_flag": 2, "change_message": "[]"}}, {"model": "admin.logentry", "pk": 31, "fields": {"action_time": "2023-08-02T18:03:05.522Z", "user": 1, "content_type": 12, "object_id": "1", "object_repr": "Иванов Аркадий, Москва, ул. Новый Арбат, 36", "action_flag": 2, "change_message": "[{\"changed\": {\"fields\": [\"\\u0410\\u0434\\u0440\\u0435\\u0441 \\u0434\\u043e\\u0441\\u0442\\u0430\\u0432\\u043a\\u0438\"]}}]"}}, {"model": "admin.logentry", "pk": 32, "fields": {"action_time": "2023-08-02T18:08:23.419Z", "user": 1, "content_type": 12, "object_id": "1", "object_repr": "Иванов Аркадий, Москва, ул. Новый Арбат, 3999", "action_flag": 2, "change_message": "[{\"changed\": {\"fields\": [\"\\u0410\\u0434\\u0440\\u0435\\u0441 \\u0434\\u043e\\u0441\\u0442\\u0430\\u0432\\u043a\\u0438\"]}}]"}}, {"model": "admin.logentry", "pk": 33, "fields": {"action_time": "2023-08-02T18:08:54.034Z", "user": 1, "content_type": 12, "object_id": "1", "object_repr": "Иванов Аркадий, Москва, ул. Новый Арбат, 39", "action_flag": 2, "change_message": "[{\"changed\": {\"fields\": [\"\\u0410\\u0434\\u0440\\u0435\\u0441 \\u0434\\u043e\\u0441\\u0442\\u0430\\u0432\\u043a\\u0438\"]}}]"}}, {"model": "admin.logentry", "pk": 34, "fields": {"action_time": "2023-08-02T18:09:44.174Z", "user": 1, "content_type": 12, "object_id": "1", "object_repr": "Иванов Аркадий, Москва, ул. Новый Арбат, 399", "action_flag": 2, "change_message": "[{\"changed\": {\"fields\": [\"\\u0410\\u0434\\u0440\\u0435\\u0441 \\u0434\\u043e\\u0441\\u0442\\u0430\\u0432\\u043a\\u0438\"]}}]"}}, {"model": "admin.logentry", "pk": 35, "fields": {"action_time": "2023-08-02T18:10:30.911Z", "user": 1, "content_type": 12, "object_id": "1", "object_repr": "Иванов Аркадий, Москва, ул. Новый Арбат, 39", "action_flag": 2, "change_message": "[{\"changed\": {\"fields\": [\"\\u0410\\u0434\\u0440\\u0435\\u0441 \\u0434\\u043e\\u0441\\u0442\\u0430\\u0432\\u043a\\u0438\"]}}]"}}, {"model": "admin.logentry", "pk": 36, "fields": {"action_time": "2023-08-03T10:18:43.823Z", "user": 1, "content_type": 12, "object_id": "1", "object_repr": "Иванов Аркадий, Москва, ул. Новый Арбат, 39", "action_flag": 2, "change_message": "[{\"changed\": {\"fields\": [\"\\u0421\\u0442\\u0430\\u0442\\u0443\\u0441\"]}}]"}}, {"model": "admin.logentry", "pk": 37, "fields": {"action_time": "2023-08-03T10:43:58.681Z", "user": 1, "content_type": 12, "object_id": "2", "object_repr": "Сергеев Сергей, Москва, Цветной бульвар, 11с2", "action_flag": 2, "change_message": "[]"}}, {"model": "admin.logentry", "pk": 38, "fields": {"action_time": "2023-08-03T11:08:03.240Z", "user": 1, "content_type": 12, "object_id": "2", "object_repr": "Сергеев Сергей, Москва, Цветной бульвар, 11с2", "action_flag": 2, "change_message": "[{\"changed\": {\"fields\": [\"\\u0421\\u043f\\u043e\\u0441\\u043e\\u0431 \\u043e\\u043f\\u043b\\u0430\\u0442\\u044b\"]}}]"}}, {"model": "admin.logentry", "pk": 39, "fields": {"action_time": "2023-08-06T13:30:36.825Z", "user": 1, "content_type": 12, "object_id": "2", "object_repr": "Сергеев Сергей, Москва, Цветной бульвар, 11с2", "action_flag": 2, "change_message": "[]"}}, {"model": "admin.logentry", "pk": 40, "fields": {"action_time": "2023-08-06T13:32:20.142Z", "user": 1, "content_type": 12, "object_id": "2", "object_repr": "Сергеев Сергей, Москва, Цветной бульвар, 11с2", "action_flag": 2, "change_message": "[]"}}, {"model": "admin.logentry", "pk": 41, "fields": {"action_time": "2023-08-06T15:09:48.722Z", "user": 1, "content_type": 1, "object_id": "4", "object_repr": "Беконайзер", "action_flag": 2, "change_message": "[]"}}, {"model": "admin.logentry", "pk": 42, "fields": {"action_time": "2023-08-08T17:56:56.268Z", "user": 1, "content_type": 12, "object_id": "2", "object_repr": "Сергеев Сергей, Москва, Цветной бульвар, 11с2", "action_flag": 2, "change_message": "[]"}}, {"model": "admin.logentry", "pk": 43, "fields": {"action_time": "2023-08-08T17:58:14.807Z", "user": 1, "content_type": 12, "object_id": "2", "object_repr": "Сергеев Сергей, Москва, Цветной бульвар, 11с2", "action_flag": 2, "change_message": "[{\"changed\": {\"fields\": [\"\\u0421\\u0442\\u0430\\u0442\\u0443\\u0441\", \"\\u0420\\u0435\\u0441\\u0442\\u043e\\u0440\\u0430\\u043d\"]}}]"}}, {"model": "admin.logentry", "pk": 44, "fields": {"action_time": "2023-08-22T18:03:44.413Z", "user": 1, "content_type": 12, "object_id": "20", "object_repr": "Васильевич Василий, Лондон", "action_flag": 2, "change_message": "[{\"changed\": {\"fields\": [\"\\u0421\\u043f\\u043e\\u0441\\u043e\\u0431 \\u043e\\u043f\\u043b\\u0430\\u0442\\u044b\"]}}]"}}, {"model": "admin.logentry", "pk": 45, "fields": {"action_time": "2023-08-23T08:30:02.641Z", "user": 1, "content_type": 13, "object_id": "5", "object_repr": "Стамбул - None", "action_flag": 3, "change_message": ""}}, {"model": "admin.logentry", "pk": 46, "fields": {"action_time": "2023-08-23T08:40:38.127Z", "user": 1, "content_type": 13, "object_id": "6", "object_repr": "Стамбул - None", "action_flag": 3, "change_message": ""}}, {"model": "admin.logentry", "pk": 47, "fields": {"action_time": "2023-08-23T08:48:52.571Z", "user": 1, "content_type": 13, "object_id": "7", "object_repr": "Стамбул - None", "action_flag": 3, "change_message": ""}}, {"model": "auth.permission", "pk": 1, "fields": {"name": "Can add товар", "content_type": 1, "codename": "add_product"}}, {"model": "auth.permission", "pk": 2, "fields": {"name": "Can change товар", "content_type": 1, "codename": "change_product"}}, {"model": "auth.permission", "pk": 3, "fields": {"name": "Can delete товар", "content_type": 1, "codename": "delete_product"}}, {"model": "auth.permission", "pk": 4, "fields": {"name": "Can view товар", "content_type": 1, "codename": "view_product"}}, {"model": "auth.permission", "pk": 5, "fields": {"name": "Can add ресторан", "content_type": 2, "codename": "add_restaurant"}}, {"model": "auth.permission", "pk": 6, "fields": {"name": "Can change ресторан", "content_type": 2, "codename": "change_restaurant"}}, {"model": "auth.permission", "pk": 7, "fields": {"name": "Can delete ресторан", "content_type": 2, "codename": "delete_restaurant"}}, {"model": "auth.permission", "pk": 8, "fields": {"name": "Can view ресторан", "content_type": 2, "codename": "view_restaurant"}}, {"model": "auth.permission", "pk": 9, "fields": {"name": "Can add пункт меню ресторана", "content_type": 3, "codename": "add_restaurantmenuitem"}}, {"model": "auth.permission", "pk": 10, "fields": {"name": "Can change пункт меню ресторана", "content_type": 3, "codename": "change_restaurantmenuitem"}}, {"model": "auth.permission", "pk": 11, "fields": {"name": "Can delete пункт меню ресторана", "content_type": 3, "codename": "delete_restaurantmenuitem"}}, {"model": "auth.permission", "pk": 12, "fields": {"name": "Can view пункт меню ресторана", "content_type": 3, "codename": "view_restaurantmenuitem"}}, {"model": "auth.permission", "pk": 13, "fields": {"name": "Can add категория", "content_type": 4, "codename": "add_productcategory"}}, {"model": "auth.permission", "pk": 14, "fields": {"name": "Can change категория", "content_type": 4, "codename": "change_productcategory"}}, {"model": "auth.permission", "pk": 15, "fields": {"name": "Can delete категория", "content_type": 4, "codename": "delete_productcategory"}}, {"model": "auth.permission", "pk": 16, "fields": {"name": "Can view категория", "content_type": 4, "codename": "view_productcategory"}}, {"model": "auth.permission", "pk": 17, "fields": {"name": "Can add log entry", "content_type": 5, "codename": "add_logentry"}}, {"model": "auth.permission", "pk": 18, "fields": {"name": "Can change log entry", "content_type": 5, "codename": "change_logentry"}}, {"model": "auth.permission", "pk": 19, "fields": {"name": "Can delete log entry", "content_type": 5, "codename": "delete_logentry"}}, {"model": "auth.permission", "pk": 20, "fields": {"name": "Can view log entry", "content_type": 5, "codename": "view_logentry"}}, {"model": "auth.permission", "pk": 21, "fields": {"name": "Can add permission", "content_type": 6, "codename": "add_permission"}}, {"model": "auth.permission", "pk": 22, "fields": {"name": "Can change permission", "content_type": 6, "codename": "change_permission"}}, {"model": "auth.permission", "pk": 23, "fields": {"name": "Can delete permission", "content_type": 6, "codename": "delete_permission"}}, {"model": "auth.permission", "pk": 24, "fields": {"name": "Can view permission", "content_type": 6, "codename": "view_permission"}}, {"model": "auth.permission", "pk": 25, "fields": {"name": "Can add group", "content_type": 7, "codename": "add_group"}}, {"model": "auth.permission", "pk": 26, "fields": {"name": "Can change group", "content_type": 7, "codename": "change_group"}}, {"model": "auth.permission", "pk": 27, "fields": {"name": "Can delete group", "content_type": 7, "codename": "delete_group"}}, {"model": "auth.permission", "pk": 28, "fields": {"name": "Can view group", "content_type": 7, "codename": "view_group"}}, {"model": "auth.permission", "pk": 29, "fields": {"name": "Can add user", "content_type": 8, "codename": "add_user"}}, {"model": "auth.permission", "pk": 30, "fields": {"name": "Can change user", "content_type": 8, "codename": "change_user"}}, {"model": "auth.permission", "pk": 31, "fields": {"name": "Can delete user", "content_type": 8, "codename": "delete_user"}}, {"model": "auth.permission", "pk": 32, "fields": {"name": "Can view user", "content_type": 8, "codename": "view_user"}}, {"model": "auth.permission", "pk": 33, "fields": {"name": "Can add content type", "content_type": 9, "codename": "add_contenttype"}}, {"model": "auth.permission", "pk": 34, "fields": {"name": "Can change content type", "content_type": 9, "codename": "change_contenttype"}}, {"model": "auth.permission", "pk": 35, "fields": {"name": "Can delete content type", "content_type": 9, "codename": "delete_contenttype"}}, {"model": "auth.permission", "pk": 36, "fields": {"name": "Can view content type", "content_type": 9, "codename": "view_contenttype"}}, {"model": "auth.permission", "pk": 37, "fields": {"name": "Can add session", "content_type": 10, "codename": "add_session"}}, {"model": "auth.permission", "pk": 38, "fields": {"name": "Can change session", "content_type": 10, "codename": "change_session"}}, {"model": "auth.permission", "pk": 39, "fields": {"name": "Can delete session", "content_type": 10, "codename": "delete_session"}}, {"model": "auth.permission", "pk": 40, "fields": {"name": "Can view session", "content_type": 10, "codename": "view_session"}}, {"model": "auth.permission", "pk": 41, "fields": {"name": "Can add order item", "content_type": 11, "codename": "add_orderitem"}}, {"model": "auth.permission", "pk": 42, "fields": {"name": "Can change order item", "content_type": 11, "codename": "change_orderitem"}}, {"model": "auth.permission", "pk": 43, "fields": {"name": "Can delete order item", "content_type": 11, "codename": "delete_orderitem"}}, {"model": "auth.permission", "pk": 44, "fields": {"name": "Can view order item", "content_type": 11, "codename": "view_orderitem"}}, {"model": "auth.permission", "pk": 45, "fields": {"name": "Can add Заказ", "content_type": 12, "codename": "add_order"}}, {"model": "auth.permission", "pk": 46, "fields": {"name": "Can change Заказ", "content_type": 12, "codename": "change_order"}}, {"model": "auth.permission", "pk": 47, "fields": {"name": "Can delete Заказ", "content_type": 12, "codename": "delete_order"}}, {"model": "auth.permission", "pk": 48, "fields": {"name": "Can view Заказ", "content_type": 12, "codename": "view_order"}}, {"model": "auth.permission", "pk": 49, "fields": {"name": "Can add place", "content_type": 13, "codename": "add_place"}}, {"model": "auth.permission", "pk": 50, "fields": {"name": "Can change place", "content_type": 13, "codename": "change_place"}}, {"model": "auth.permission", "pk": 51, "fields": {"name": "Can delete place", "content_type": 13, "codename": "delete_place"}}, {"model": "auth.permission", "pk": 52, "fields": {"name": "Can view place", "content_type": 13, "codename": "view_place"}}, {"model": "auth.user", "pk": 1, "fields": {"password": "pbkdf2_sha256$600000$ijaWnm90REi3Sc2QXnCmOg$cGsTiIlVpg6c3akpAAVl2g3ZTEVYsAHIYeVOvEExHB0=", "last_login": "2023-09-07T18:15:17.313Z", "is_superuser": true, "username": "capark", "first_name": "", "last_name": "", "email": "c@t.ru", "is_staff": true, "is_active": true, "date_joined": "2023-07-20T16:21:14.082Z", "groups": [], "user_permissions": []}}, {"model": "contenttypes.contenttype", "pk": 1, "fields": {"app_label": "foodcartapp", "model": "product"}}, {"model": "contenttypes.contenttype", "pk": 2, "fields": {"app_label": "foodcartapp", "model": "restaurant"}}, {"model": "contenttypes.contenttype", "pk": 3, "fields": {"app_label": "foodcartapp", "model": "restaurantmenuitem"}}, {"model": "contenttypes.contenttype", "pk": 4, "fields": {"app_label": "foodcartapp", "model": "productcategory"}}, {"model": "contenttypes.contenttype", "pk": 5, "fields": {"app_label": "admin", "model": "logentry"}}, {"model": "contenttypes.contenttype", "pk": 6, "fields": {"app_label": "auth", "model": "permission"}}, {"model": "contenttypes.contenttype", "pk": 7, "fields": {"app_label": "auth", "model": "group"}}, {"model": "contenttypes.contenttype", "pk": 8, "fields": {"app_label": "auth", "model": "user"}}, {"model": "contenttypes.contenttype", "pk": 9, "fields": {"app_label": "contenttypes", "model": "contenttype"}}, {"model": "contenttypes.contenttype", "pk": 10, "fields": {"app_label": "sessions", "model": "session"}}, {"model": "contenttypes.contenttype", "pk": 11, "fields": {"app_label": "foodcartapp", "model": "orderitem"}}, {"model": "contenttypes.contenttype", "pk": 12, "fields": {"app_label": "foodcartapp", "model": "order"}}, {"model": "contenttypes.contenttype", "pk": 13, "fields": {"app_label": "distances", "model": "place"}}, {"model": "sessions.session", "pk": "0sh5j69knew9qwbp70hmbv4g142bqhpu", "fields": {"session_data": ".eJxVjEEOwiAQRe_C2hCmDgVduu8ZmmEYpGogKe3KeHfbpAvd_vfef6uR1iWPa5N5nKK6KlCn3y0QP6XsID6o3KvmWpZ5CnpX9EGbHmqU1-1w_w4ytbzVHsnYhAzkAFPfR8OeOkaw4kPnxAsY5HQ2F9oMSFGST4whOIPWBlCfL-PqOCA:1qeJXB:NeIzw0GT63SGYNylCI4Xn28Q3vZvQwcuCbjaAeai_hc", "expire_date": "2023-09-21T18:15:17.334Z"}}, {"model": "sessions.session", "pk": "8rllbbp9u15j7bo2bl328yyxsb413aq5", "fields": {"session_data": ".eJxVjEEOwiAQRe_C2hCmDgVduu8ZmmEYpGogKe3KeHfbpAvd_vfef6uR1iWPa5N5nKK6KlCn3y0QP6XsID6o3KvmWpZ5CnpX9EGbHmqU1-1w_w4ytbzVHsnYhAzkAFPfR8OeOkaw4kPnxAsY5HQ2F9oMSFGST4whOIPWBlCfL-PqOCA:1qYVgX:wB49WKdGVh_79f7RlAnpOom_k1EMthFyB5FXqNHdYvw", "expire_date": "2023-09-05T18:00:57.820Z"}}, {"model": "sessions.session", "pk": "ju05ixywad0qjrlgt2j9abhdhbk8sqwo", "fields": {"session_data": ".eJxVjEEOwiAQRe_C2hCmDgVduu8ZmmEYpGogKe3KeHfbpAvd_vfef6uR1iWPa5N5nKK6KlCn3y0QP6XsID6o3KvmWpZ5CnpX9EGbHmqU1-1w_w4ytbzVHsnYhAzkAFPfR8OeOkaw4kPnxAsY5HQ2F9oMSFGST4whOIPWBlCfL-PqOCA:1qQQT6:Tr8Wy9c9Rm1UFtdY275QBZeGmTzQv6oe7MZhIIZqoCc", "expire_date": "2023-08-14T10:49:40.219Z"}}, {"model": "sessions.session", "pk": "xgvprqgq13t6qh38rgzj5y51phadtkee", "fields": {"session_data": ".eJxVjEEOwiAQRe_C2hCmDgVduu8ZmmEYpGogKe3KeHfbpAvd_vfef6uR1iWPa5N5nKK6KlCn3y0QP6XsID6o3KvmWpZ5CnpX9EGbHmqU1-1w_w4ytbzVHsnYhAzkAFPfR8OeOkaw4kPnxAsY5HQ2F9oMSFGST4whOIPWBlCfL-PqOCA:1qMtdy:EfD1mNKdwvTrxTR2PzCSjD7vSKG1Tc59-v1uorrK8q0", "expire_date": "2023-08-04T17:10:18.169Z"}}, {"model": "distances.place", "pk": 1, "fields": {"address": "Москва, ул. Новый Арбат, 15", "latitude": 55.752141, "longitude": 37.59242, "updated_at": "2023-08-12T00:00:00Z"}}, {"model": "distances.place", "pk": 2, "fields": {"address": "Москва, Цветной бульвар, 11с2", "latitude": 55.770076, "longitude": 37.620429, "updated_at": "2023-08-12T00:00:00Z"}}, {"model": "distances.place", "pk": 3, "fields": {"address": "Москва, пл. Киевского Вокзала, 2", "latitude": 55.744637, "longitude": 37.566072, "updated_at": "2023-08-12T00:00:00Z"}}, {"model": "distances.place", "pk": 4, "fields": {"address": "Лондон", "latitude": 51.507351, "longitude": -0.127696, "updated_at": "2023-08-12T00:00:00Z"}}]